Model,RMSE,MAE,R2
LSTM,145.4078302401618,125.7872266935296,-0.010654769102102835
