City,RMSE,MAE,R2
Bangalore,131.73265161517017,109.15577934954287,0.1638849663677755
Chennai,136.62657639532117,113.4567755928875,0.11142888079916868
Delhi,133.708655654084,110.90559172317059,0.14181850551807929
Kolkata,131.25242210717218,108.86713296375136,0.18833303061138873
Mumbai,132.70116376160144,110.81415614176841,0.14769383336936825
